x,y,th1,th2
6,4,-1.0172819233073351,2.248339715930719
